﻿EventID,EventName,EventType,Date,DurationHrs,Attendance,Revenue
EVT001,Pool League Night – Summer Showdown,Pool League Night,2024-08-26,2,110,2229.26
EVT002,Darts League Night – Token Frenzy,Darts League Night,2024-09-07,3,42,899.03
EVT003,Game Tournament – Boss Rush,Game Tournament,2024-07-16,3,145,1512.96
EVT004,Darts League Night – Summer Showdown,Darts League Night,2024-07-28,3,85,1035.6
EVT005,Pool League Night – Token Frenzy,Pool League Night,2024-07-17,2,108,2490.76
EVT006,Bowling League Night – Boss Rush,Bowling League Night,2024-09-22,2,59,998.12
EVT007,Darts League Night – Boss Rush,Darts League Night,2024-07-25,2,145,3200.08
EVT008,Darts League Night – Token Frenzy,Darts League Night,2024-07-07,3,105,1521.17
EVT009,Pool League Night – Pixel Party,Pool League Night,2024-08-11,3,55,1374.48
EVT010,Pool League Night – Summer Showdown,Pool League Night,2024-07-23,4,75,1396.66
EVT011,Darts League Night – Summer Showdown,Darts League Night,2024-09-29,4,80,1129.38
EVT012,Game Tournament – Boss Rush,Game Tournament,2024-09-15,3,129,2835.79
EVT013,Darts League Night – Token Frenzy,Darts League Night,2024-08-29,4,62,1250.32
EVT014,Bowling League Night – Summer Showdown,Bowling League Night,2024-09-22,4,35,512.19
EVT015,Pool League Night – Summer Showdown,Pool League Night,2024-08-24,4,46,522.19
EVT016,Darts League Night – Pixel Party,Darts League Night,2024-09-08,2,55,659.03
EVT017,Darts League Night – Pixel Party,Darts League Night,2024-09-15,3,146,3266.07
EVT018,Pool League Night – Pixel Party,Pool League Night,2024-09-07,3,132,1548.04
EVT019,Game Tournament – Token Frenzy,Game Tournament,2024-09-08,2,140,2820.28
EVT020,Pool League Night – Pixel Party,Pool League Night,2024-07-09,3,31,432.97
EVT021,Game Tournament – Boss Rush,Game Tournament,2024-08-04,4,116,1616.16
EVT022,Pool League Night – Pixel Party,Pool League Night,2024-07-11,2,90,933.78
EVT023,Darts League Night – Token Frenzy,Darts League Night,2024-08-30,4,135,2290.14
EVT024,Darts League Night – Boss Rush,Darts League Night,2024-07-12,2,34,495.23
EVT025,Pool League Night – Summer Showdown,Pool League Night,2024-07-10,4,47,744.0
EVT026,Darts League Night – Boss Rush,Darts League Night,2024-08-24,4,49,1140.78
