﻿GameID,GameName,Category,MachineType,Manufacturer,InstallDate
G001,Tekken 3,Fighting,Video,Namco,2015-05-28
G002,Jurassic Park Arcade,Shooting,Hybrid,Raw Thrills,2022-06-19
G003,Down the Clown,Redemption,Mechanical,ICE,2024-09-14
G004,Injustice Arcade,Fighting,Hybrid,Raw Thrills,2019-08-07
G005,Centipede,Classic,Mechanical,Atari,2016-06-21
G006,Air Hockey Pro,Sports,Video,Dynamo,2016-07-30
G007,Daytona USA,Racing,Mechanical,Sega,2024-02-05
G008,Ticket Time,Redemption,Mechanical,Smart Industries,2015-12-30
G009,Frogger,Classic,Mechanical,Konami,2022-01-10
G010,Teenage Mutant Ninja Turtles,Fighting,Mechanical,Konami,2015-07-16
G011,Marvel vs. Capcom,Fighting,Mechanical,Capcom,2015-05-28
G012,Speed of Light,Redemption,Hybrid,LAI Games,2023-06-13
G013,Dance Dance Revolution,Rhythm,Video,Konami,2021-02-20
G014,Mortal Kombat,Fighting,Video,Midway,2018-11-16
G015,Asteroids,Classic,Mechanical,Atari,2018-02-25
G016,Hydro Thunder,Racing,Mechanical,Midway,2015-05-28
G017,Virtua Fighter,Fighting,Hybrid,Sega,2015-09-23
G018,Skeeball Classic,Redemption,Mechanical,Skeeball Inc.,2022-06-06
G019,Cruis'n Blast,Racing,Mechanical,Raw Thrills,2015-05-11
G020,The Walking Dead,Shooting,Hybrid,Raw Thrills,2024-12-02
G021,House of the Dead,Shooting,Mechanical,Sega,2016-04-25
G022,Rerex,Redemption,Hybrid,Amuzy,2017-03-05
G023,Wheel of Fortune,Redemption,Video,Raw Thrills,2020-12-17
G024,Let's Go Island,Shooting,Mechanical,Sega,2021-11-04
G025,NBA Jam,Sports,Video,Midway,2015-09-05
G026,Jumpin Jackpot,Redemption,Mechanical,Konami,2019-07-27
G027,Halo: Fireteam Raven,Shooting,Mechanical,Raw Thrills,2022-12-19
G028,The Simpsons,Fighting,Mechanical,Konami,2024-03-03
G029,Trivia Whiz,Redemption,Video,Merit,2019-04-12
G030,Street Fighter II,Fighting,Mechanical,Capcom,2018-12-15
G031,Dead Heat Riders,Racing,Hybrid,Namco,2024-10-05
G032,Donkey Kong,Classic,Video,Nintendo,2020-11-26
G033,Cruis'n USA,Racing,Hybrid,Midway,2020-02-03
G034,Whack N Win,Redemption,Hybrid,ICE,2024-11-17
G035,Golden Tee,Sports,Mechanical,Incredible Technologies,2021-04-17
G036,Pac-Man,Classic,Mechanical,Namco,2024-07-17
G037,Mega Stacker,Redemption,Video,LAI Games,2019-10-06
G038,Cyclone,Redemption,Video,ICE,2021-05-04
G039,OutRun,Racing,Hybrid,Sega,2023-08-24
G040,Quick Drop,Redemption,Mechanical,Bay Tek,2018-10-23
G041,Space Invaders,Classic,Hybrid,Taito,2015-09-24
G042,Mario Kart Arcade GP,Racing,Mechanical,Namco,2018-11-25
G043,Pong Knockout,Classic,Hybrid,Atari,2023-04-17
G044,Ice Ball FX,Redemption,Mechanical,ICE,2020-07-28
G045,Mario & Sonic Olympics,Sports,Video,Sega,2020-05-10
G046,After Burner,Shooting,Video,Sega,2021-05-16
G047,Big Buck Hunter,Shooting,Mechanical,Play Mechanix,2017-07-02
G048,Initial D Arcade Stage,Racing,Hybrid,Sega,2024-10-11
G049,Time Crisis,Shooting,Video,Namco,2015-10-07
G050,Galaga,Classic,Mechanical,Namco,2016-05-08
