﻿PrizeID,PrizeName,Category,TicketCost,QuantityInStock,RestockThreshold
PRZ001,Fun Dip,Candy & Snacks,25,71,10
PRZ002,Skittles,Candy & Snacks,30,89,22
PRZ003,Lollipop Pack,Candy & Snacks,15,13,22
PRZ004,Chocolate Bar,Candy & Snacks,35,114,7
PRZ005,Sticky Hand,Toys & Trinkets,20,67,8
PRZ006,Mini Puzzle Cube,Toys & Trinkets,50,128,8
PRZ007,Bouncy Ball,Toys & Trinkets,25,49,20
PRZ008,Finger Skateboard,Toys & Trinkets,60,84,21
PRZ009,Small Plush Bear,Plush & Stuffed,150,79,18
PRZ010,Stuffed Dinosaur,Plush & Stuffed,200,133,20
PRZ011,Plush Cat,Plush & Stuffed,180,72,19
PRZ012,Bluetooth Speaker,Electronics,2000,47,17
PRZ013,LED Strip Lights,Electronics,1200,58,24
PRZ014,Wireless Earbuds,Electronics,2500,140,9
PRZ015,Pokemon Card Pack,Games & Collectibles,300,27,13
PRZ016,Mini Board Game,Games & Collectibles,400,116,15
PRZ017,Keychain Set,Games & Collectibles,150,139,13
PRZ018,Electric Guitar,Premium,8000,10,14
PRZ019,Gaming Headset,Premium,3500,86,23
PRZ020,Drone,Premium,6000,135,9
PRZ021,Notebook Set,Stationery,100,124,22
PRZ022,Gel Pen Pack,Stationery,90,133,16
PRZ023,Sticker Book,Stationery,120,95,22
PRZ024,Fun Dip,Candy & Snacks,25,149,17
PRZ025,Skittles,Candy & Snacks,30,126,15
PRZ026,Lollipop Pack,Candy & Snacks,15,58,12
PRZ027,Chocolate Bar,Candy & Snacks,35,108,12
PRZ028,Sticky Hand,Toys & Trinkets,20,115,6
PRZ029,Mini Puzzle Cube,Toys & Trinkets,50,91,20
PRZ030,Bouncy Ball,Toys & Trinkets,25,107,17
PRZ031,Finger Skateboard,Toys & Trinkets,60,48,20
PRZ032,Small Plush Bear,Plush & Stuffed,150,19,9
PRZ033,Stuffed Dinosaur,Plush & Stuffed,200,138,23
PRZ034,Plush Cat,Plush & Stuffed,180,94,8
PRZ035,Bluetooth Speaker,Electronics,2000,122,8
PRZ036,LED Strip Lights,Electronics,1200,144,19
PRZ037,Wireless Earbuds,Electronics,2500,13,9
PRZ038,Pokemon Card Pack,Games & Collectibles,300,114,25
PRZ039,Mini Board Game,Games & Collectibles,400,49,7
PRZ040,Keychain Set,Games & Collectibles,150,130,13
PRZ041,Electric Guitar,Premium,8000,96,24
PRZ042,Gaming Headset,Premium,3500,111,25
PRZ043,Drone,Premium,6000,30,15
PRZ044,Notebook Set,Stationery,100,146,17
PRZ045,Gel Pen Pack,Stationery,90,91,25
